id|user_one|user_two|message|timestamp
1|10|10|lorem, auctor quis, tristique ac, eleifend vitae,|1419757397
2|9|8|lorem fringilla ornare placerat,|1471998354
3|6|4|Suspendisse sagittis. Nullam vitae diam. Proin dolor. Nulla|1478105037
4|9|7|Nulla eget metus eu erat semper rutrum. Fusce|1445762536
5|7|5|neque venenatis lacus. Etiam|1423097237
6|4|6|ut quam vel sapien imperdiet ornare. In faucibus.|1446980030
7|4|8|arcu. Curabitur|1465600191
8|10|3|magnis dis parturient montes, nascetur ridiculus mus. Proin|1430928429
9|9|7|diam eu dolor egestas rhoncus. Proin nisl sem, consequat|1474206463
10|3|9|ac facilisis facilisis,|1479478979
11|10|5|euismod est arcu ac orci. Ut semper pretium neque.|1448924603
12|9|3|sodales elit erat vitae|1458850173
13|6|4|Duis a mi fringilla mi lacinia mattis. Integer|1423224359
14|9|2|quis lectus. Nullam|1423986545
15|2|1|ipsum leo elementum sem, vitae aliquam|1434523677
16|5|5|lectus pede et|1448148707
17|4|10|mauris blandit mattis. Cras eget nisi dictum augue malesuada malesuada.|1447700709
18|7|2|quis, tristique|1446213609
19|5|10|imperdiet ornare. In faucibus. Morbi vehicula. Pellentesque tincidunt tempus risus.|1454585639
20|8|6|diam vel arcu.|1467421081
21|9|3|est arcu|1456089440
22|8|4|eu augue porttitor interdum. Sed auctor odio|1445857416
23|1|1|Duis a mi fringilla mi lacinia mattis.|1477328398
24|8|1|at, libero. Morbi accumsan laoreet ipsum. Curabitur consequat,|1473142988
25|1|2|Integer eu lacus. Quisque imperdiet, erat|1419846550
26|10|10|in, tempus|1443856984
27|3|6|ornare, facilisis eget,|1448784567
28|10|7|magnis dis parturient montes, nascetur ridiculus mus. Proin vel|1466906121
29|7|3|aliquet lobortis, nisi nibh lacinia orci,|1444665915
30|2|8|Cum sociis natoque penatibus|1466689578
31|10|2|tortor nibh sit amet orci.|1441776334
32|3|5|Suspendisse aliquet, sem|1445927025
33|8|3|elit. Curabitur sed tortor. Integer aliquam adipiscing lacus. Ut nec|1417043893
34|3|1|dui quis accumsan convallis, ante lectus|1449744820
35|4|6|rutrum eu, ultrices sit amet, risus. Donec nibh|1466238017
36|3|9|metus. In|1442955290
37|1|10|Donec|1440414625
38|1|9|sed|1460425552
39|2|6|nec, eleifend non, dapibus|1478671981
40|8|9|diam dictum sapien. Aenean massa.|1448961822
41|10|3|sodales elit erat vitae risus. Duis|1457103270
42|10|6|elit sed consequat auctor, nunc nulla vulputate|1459483691
43|8|9|pharetra. Nam ac|1439937800
44|10|9|convallis|1422452203
45|6|10|mauris. Integer sem elit, pharetra|1444382150
46|3|1|dictum mi, ac mattis velit justo nec ante.|1468010322
47|8|2|risus. Nunc ac sem ut dolor dapibus gravida. Aliquam|1460591378
48|9|1|vitae,|1431612874
49|6|8|molestie sodales. Mauris|1469789700
50|8|7|sed tortor. Integer aliquam adipiscing lacus. Ut nec|1458565153
51|9|4|nisl|1474076883
52|3|2|in|1463760513
53|10|1|semper rutrum. Fusce dolor|1419002110
54|1|4|turpis egestas.|1440434166
55|4|8|sagittis augue, eu tempor erat neque non quam. Pellentesque habitant|1435739265
56|2|1|in lobortis tellus justo sit amet|1445800040
57|10|6|augue. Sed molestie. Sed id risus quis diam|1461179200
58|2|10|fringilla ornare|1420712367
59|6|6|orci lobortis augue|1421258866
60|4|10|turpis vitae purus gravida|1419643149
61|3|5|sagittis lobortis mauris. Suspendisse|1457888997
62|6|5|sollicitudin a, malesuada id,|1466397863
63|5|2|lorem, eget mollis lectus pede et risus.|1428564930
64|3|10|felis eget varius ultrices, mauris ipsum porta|1457498617
65|4|6|mollis non, cursus non, egestas a, dui. Cras pellentesque. Sed|1473597196
66|10|5|semper tellus id nunc interdum feugiat. Sed|1449088454
67|8|7|Nulla tincidunt,|1448528808
68|1|8|purus, in molestie tortor nibh sit amet orci.|1435931870
69|2|1|enim, gravida sit amet, dapibus id, blandit|1453312613
70|5|7|ultricies sem magna|1459904140
71|10|9|ac orci.|1432934204
72|6|1|elit, pharetra ut, pharetra sed,|1475059868
73|10|9|auctor, velit eget laoreet posuere,|1457487076
74|3|5|at, iaculis quis, pede. Praesent eu|1422710858
75|2|10|magna|1428627400
76|1|1|pede ac urna. Ut tincidunt vehicula risus. Nulla eget metus|1445981470
77|2|1|mauris. Integer sem elit, pharetra ut, pharetra sed, hendrerit|1423077640
78|3|5|vitae|1469801239
79|6|8|Maecenas mi felis, adipiscing fringilla, porttitor vulputate, posuere vulputate, lacus.|1459325418
80|3|4|diam luctus lobortis. Class aptent taciti|1417323510
81|3|8|nascetur ridiculus mus. Proin|1449375037
82|4|8|ullamcorper magna. Sed|1456481415
83|2|10|Nulla aliquet.|1469260451
84|5|8|nulla. Donec non justo. Proin non massa non ante bibendum|1442615334
85|5|10|nunc ac mattis ornare, lectus ante dictum mi, ac mattis|1424621665
86|9|8|consectetuer|1429322667
87|10|1|lacinia. Sed congue, elit sed consequat auctor,|1477008505
88|4|8|lacus vestibulum lorem, sit amet ultricies sem magna|1431930000
89|2|3|ultricies ornare, elit|1424286546
90|6|3|gravida mauris ut mi. Duis risus|1474338885
91|10|5|ornare, lectus ante dictum mi, ac mattis velit|1442559103
92|2|7|consequat nec, mollis vitae,|1474136886
93|8|2|Nulla semper tellus id nunc interdum feugiat. Sed nec metus|1455818928
94|1|5|Nulla dignissim. Maecenas ornare egestas ligula. Nullam feugiat|1450061284
95|7|4|Donec egestas. Duis|1476373354
96|1|3|ut eros non enim commodo hendrerit.|1455902016
97|6|3|vel, convallis in, cursus et, eros. Proin|1428508935
98|4|3|quis urna. Nunc quis arcu|1444205872
99|10|6|nisl. Maecenas malesuada fringilla est. Mauris eu|1417314679
100|2|2|sagittis. Duis gravida. Praesent eu nulla at sem|1450646023